Gemeente,Provincie,inw-2025,Zorgkantoor regio,Regiobeeld,RSO,RSO status,RSO NL lid,ROS,RegioPlus
Aalten,Gelderland,27566,Arnhem,Achterhoek,Vereniging Digitalisering Zorg Achterhoek,RSO i.o.,Aspirant-lid,Proscoop,Utrechtzorg/WGV/WZW
Berkelland,Gelderland,43941,Arnhem,Achterhoek,Vereniging Digitalisering Zorg Achterhoek,RSO i.o.,Aspirant-lid,Proscoop,Utrechtzorg/WGV/WZW
Bronckhorst,Gelderland,36000,Arnhem,Achterhoek,Vereniging Digitalisering Zorg Achterhoek,RSO i.o.,Aspirant-lid,Proscoop,Utrechtzorg/WGV/WZW
Doetinchem,Gelderland,60371,Arnhem,Achterhoek,Vereniging Digitalisering Zorg Achterhoek,RSO i.o.,Aspirant-lid,Proscoop,Utrechtzorg/WGV/WZW
Montferland,Gelderland,36998,Arnhem,Achterhoek,Vereniging Digitalisering Zorg Achterhoek,RSO i.o.,Aspirant-lid,Proscoop,Utrechtzorg/WGV/WZW
Oost Gelre,Gelderland,29919,Arnhem,Achterhoek,Vereniging Digitalisering Zorg Achterhoek,RSO i.o.,Aspirant-lid,Proscoop,Utrechtzorg/WGV/WZW
Oude IJsselstreek,Gelderland,39612,Arnhem,Achterhoek,Vereniging Digitalisering Zorg Achterhoek,RSO i.o.,Aspirant-lid,Proscoop,Utrechtzorg/WGV/WZW
Winterswijk,Gelderland,29302,Arnhem,Achterhoek,Vereniging Digitalisering Zorg Achterhoek,RSO i.o.,Aspirant-lid,Proscoop,Utrechtzorg/WGV/WZW
Dalfsen,Overijssel,30254,Zwolle,IJssel-Vecht,Samen Gezond IJssel-Vecht i.o. ,RSO i.o.,Aspirant-lid,Proscoop,WGV Zorg & Welzijn
Hardenberg,Overijssel,63939,Zwolle,IJssel-Vecht,Samen Gezond IJssel-Vecht i.o. ,RSO i.o.,Aspirant-lid,Proscoop,WGV Zorg & Welzijn
Kampen,Overijssel,56804,Zwolle,IJssel-Vecht,Samen Gezond IJssel-Vecht i.o. ,RSO i.o.,Aspirant-lid,Proscoop,WGV Zorg & Welzijn
Ommen,Overijssel,19296,Zwolle,IJssel-Vecht,Samen Gezond IJssel-Vecht i.o. ,RSO i.o.,Aspirant-lid,Proscoop,WGV Zorg & Welzijn
Staphorst,Overijssel,18169,Zwolle,IJssel-Vecht,Samen Gezond IJssel-Vecht i.o. ,RSO i.o.,Aspirant-lid,Proscoop,WGV Zorg & Welzijn
Steenwijkerland,Overijssel,45876,Zwolle,IJssel-Vecht,Samen Gezond IJssel-Vecht i.o. ,RSO i.o.,Aspirant-lid,Proscoop,WGV Zorg & Welzijn
Zwartewaterland,Overijssel,23660,Zwolle,IJssel-Vecht,Samen Gezond IJssel-Vecht i.o. ,RSO i.o.,Aspirant-lid,Proscoop,WGV Zorg & Welzijn
Zwolle,Overijssel,134089,Zwolle,IJssel-Vecht,Samen Gezond IJssel-Vecht i.o. ,RSO i.o.,Aspirant-lid,Proscoop,WGV Zorg & Welzijn
's-Hertogenbosch,Noord-Brabant,162034,Noord-Oost Brabant,Noord-Oost Brabant,RSO Noord-Oost Brabant i.o.,RSO i.o.,Aspirant-lid,Robuust,Transvorm/WZW
Bernheze,Noord-Brabant,32836,Noord-Oost Brabant,Noord-Oost Brabant,RSO Noord-Oost Brabant i.o.,RSO i.o.,Aspirant-lid,Robuust,Transvorm/WZW
Boekel,Noord-Brabant,11606,Noord-Oost Brabant,Noord-Oost Brabant,RSO Noord-Oost Brabant i.o.,RSO i.o.,Aspirant-lid,Robuust,Transvorm/WZW
Boxtel,Noord-Brabant,34355,Noord-Oost Brabant,Noord-Oost Brabant,RSO Noord-Oost Brabant i.o.,RSO i.o.,Aspirant-lid,Robuust,Transvorm/WZW
Land van Cuijk,Noord-Brabant,93485,Noord-Oost Brabant,Noord-Oost Brabant,RSO Noord-Oost Brabant i.o.,RSO i.o.,Aspirant-lid,Robuust,Transvorm/WZW
Maasdriel,Gelderland,26267,Noord-Oost Brabant,Noord-Oost Brabant,RSO Noord-Oost Brabant i.o.,RSO i.o.,Aspirant-lid,Mura Zorgadvies,Transvorm/WZW
Maashorst,Noord-Brabant,60033,Noord-Oost Brabant,Noord-Oost Brabant,RSO Noord-Oost Brabant i.o.,RSO i.o.,Aspirant-lid,Robuust,
Meierijstad,Noord-Brabant,85192,Noord-Oost Brabant,Noord-Oost Brabant,RSO Noord-Oost Brabant i.o.,RSO i.o.,Aspirant-lid,Robuust,Transvorm/WZW
Oss,Noord-Brabant,95513,Noord-Oost Brabant,Noord-Oost Brabant,RSO Noord-Oost Brabant i.o.,RSO i.o.,Aspirant-lid,Robuust,Transvorm/WZW
Sint-Michielsgestel,Noord-Brabant,30198,Noord-Oost Brabant,Noord-Oost Brabant,RSO Noord-Oost Brabant i.o.,RSO i.o.,Aspirant-lid,Robuust,Transvorm/WZW
Vught,Noord-Brabant,33270,Noord-Oost Brabant,Noord-Oost Brabant,RSO Noord-Oost Brabant i.o.,RSO i.o.,Aspirant-lid,Robuust,Transvorm/WZW
Zaltbommel,Gelderland,30631,Noord-Oost Brabant,Noord-Oost Brabant,RSO Noord-Oost Brabant i.o.,RSO i.o.,Aspirant-lid,Mura Zorgadvies,Transvorm/WZW
Hattem,Gelderland,12821,Zwolle,Noord-Veluwe en Zeewolde,Samen Gezond IJssel-Vecht i.o. ,RSO i.o.,Aspirant-lid,Proscoop,WGV Zorg & Welzijn
Berg en Dal,Gelderland,35739,Nijmegen,Rijk van Nijmegen,NOEL,RSO i.o.,Aspirant-lid,Proscoop,WZW/Zorg aan Zet
Beuningen,Gelderland,26868,Nijmegen,Rijk van Nijmegen,NOEL,RSO i.o.,Aspirant-lid,Proscoop,WZW/Zorg aan Zet
Druten,Gelderland,19983,Nijmegen,Rijk van Nijmegen,NOEL,RSO i.o.,Aspirant-lid,Proscoop,WZW/Zorg aan Zet
Gennep,Limburg,17909,Nijmegen,Rijk van Nijmegen,NOEL,RSO i.o.,Aspirant-lid,Proscoop,WZW/Zorg aan Zet
Heumen,Gelderland,16980,Nijmegen,Rijk van Nijmegen,NOEL,RSO i.o.,Aspirant-lid,Proscoop,WZW/Zorg aan Zet
Mook en Middelaar,Limburg,8128,Nijmegen,Rijk van Nijmegen,NOEL,RSO i.o.,Aspirant-lid,Proscoop,WZW/Zorg aan Zet
Nijmegen,Gelderland,189717,Nijmegen,Rijk van Nijmegen,NOEL,RSO i.o.,Aspirant-lid,Proscoop,WZW/Zorg aan Zet
West Maas en Waal,Gelderland,20747,Nijmegen,Rijk van Nijmegen,NOEL,RSO i.o.,Aspirant-lid,Mura Zorgadvies,WZW/Zorg aan Zet
Wijchen,Gelderland,42054,Nijmegen,Rijk van Nijmegen,NOEL,RSO i.o.,Aspirant-lid,Proscoop,WZW/Zorg aan Zet
Aalsmeer,Noord-Holland,33335,Amstelland-Meerlanden,Amstelland-Meerlanden,Sigra,RSO,Lid,Reos,Sigra
Amstelveen,Noord-Holland,95887,Amstelland-Meerlanden,Amstelland-Meerlanden,Sigra,RSO,Lid,Reos,Sigra
Haarlemmermeer,Noord-Holland,166669,Amstelland-Meerlanden,Amstelland-Meerlanden,Sigra,RSO,Lid,Reos,Sigra
Ouder-Amstel,Noord-Holland,14483,Amstelland-Meerlanden,Amstelland-Meerlanden,Sigra,RSO,Lid,Reos,Sigra
Uithoorn,Noord-Holland,32182,Amstelland-Meerlanden,Amstelland-Meerlanden,Sigra,RSO,Lid,Reos,Sigra
Amsterdam,Noord-Holland,942100,Amsterdam,Amsterdam,Sigra,RSO,Lid,Elaa,Sigra
Diemen,Noord-Holland,33327,Amsterdam,Amsterdam,Sigra,RSO,Lid,Reos,Sigra
Aa en Hunze,Drenthe,26071,Drenthe,Drenthe,GERRIT,RSO,Lid,Proscoop,ZorgpleinNoord
Assen,Drenthe,70852,Drenthe,Drenthe,GERRIT,RSO,Lid,Proscoop,ZorgpleinNoord
Borger-Odoorn,Drenthe,26154,Drenthe,Drenthe,GERRIT,RSO,Lid,Proscoop,ZorgpleinNoord
Coevorden,Drenthe,35746,Drenthe,Drenthe,GERRIT,RSO,Lid,Proscoop,ZorgpleinNoord
De Wolden,Drenthe,24778,Drenthe,Drenthe,GERRIT,RSO,Lid,Proscoop,ZorgpleinNoord
Emmen,Drenthe,109821,Drenthe,Drenthe,GERRIT,RSO,Lid,Proscoop,ZorgpleinNoord
Hoogeveen,Drenthe,56870,Drenthe,Drenthe,GERRIT,RSO,Lid,Proscoop,ZorgpleinNoord
Meppel,Drenthe,36546,Drenthe,Drenthe,GERRIT,RSO,Lid,Proscoop,ZorgpleinNoord
Midden-Drenthe,Drenthe,34348,Drenthe,Drenthe,GERRIT,RSO,Lid,Proscoop,ZorgpleinNoord
Noordenveld,Drenthe,31684,Drenthe,Drenthe,GERRIT,RSO,Lid,Proscoop,ZorgpleinNoord
Tynaarlo,Drenthe,35111,Drenthe,Drenthe,GERRIT,RSO,Lid,Proscoop,ZorgpleinNoord
Westerveld,Drenthe,20031,Drenthe,Drenthe,GERRIT,RSO,Lid,Proscoop,ZorgpleinNoord
Bergeijk,Noord-Brabant,19380,Zuid-Oost Brabant,Eindhoven - de Kempen,RZCC,RSO,Lid,Robuust,Transvorm
Best,Noord-Brabant,31678,Zuid-Oost Brabant,Eindhoven - de Kempen,RZCC,RSO,Lid,Robuust,Transvorm
Bladel,Noord-Brabant,20984,Zuid-Oost Brabant,Eindhoven - de Kempen,RZCC,RSO,Lid,Robuust,Transvorm
Cranendonck,Noord-Brabant,21447,Zuid-Oost Brabant,Eindhoven - de Kempen,RZCC,RSO,Lid,Robuust,Transvorm
Eersel,Noord-Brabant,20528,Zuid-Oost Brabant,Eindhoven - de Kempen,RZCC,RSO,Lid,Robuust,Transvorm
Eindhoven,Noord-Brabant,249679,Zuid-Oost Brabant,Eindhoven - de Kempen,RZCC,RSO,Lid,Robuust,Transvorm
Geldrop-Mierlo,Noord-Brabant,40737,Zuid-Oost Brabant,Eindhoven - de Kempen,RZCC,RSO,Lid,Robuust,Transvorm
Heeze-Leende,Noord-Brabant,17130,Zuid-Oost Brabant,Eindhoven - de Kempen,RZCC,RSO,Lid,Robuust,Transvorm
"Nuenen, Gerwen en Nederwetten",Noord-Brabant,24394,Zuid-Oost Brabant,Eindhoven - de Kempen,RZCC,RSO,Lid,Robuust,Transvorm
Oirschot,Noord-Brabant,19752,Zuid-Oost Brabant,Eindhoven - de Kempen,RZCC,RSO,Lid,Robuust,Transvorm
Reusel-De Mierden,Noord-Brabant,13727,Zuid-Oost Brabant,Eindhoven - de Kempen,RZCC,RSO,Lid,Robuust,Transvorm
Son en Breugel,Noord-Brabant,18117,Zuid-Oost Brabant,Eindhoven - de Kempen,RZCC,RSO,Lid,Robuust,Transvorm
Valkenswaard,Noord-Brabant,31932,Zuid-Oost Brabant,Eindhoven - de Kempen,RZCC,RSO,Lid,Robuust,Transvorm
Veldhoven,Noord-Brabant,47800,Zuid-Oost Brabant,Eindhoven - de Kempen,RZCC,RSO,Lid,Robuust,Transvorm
Waalre,Noord-Brabant,17851,Zuid-Oost Brabant,Eindhoven - de Kempen,RZCC,RSO,Lid,Robuust,Transvorm
Almere,Flevoland,232102,'t Gooi,Flevoland,Sigra,RSO,Lid,Elaa,Flever/Utrechtzorg
Dronten,Flevoland,45359,Flevoland,Flevoland,Sigra,RSO,Lid,Proscoop,Flever
Lelystad,Flevoland,85384,Flevoland,Flevoland,Sigra,RSO,Lid,Proscoop,Flever
Achtkarspelen,Friesland,28270,Friesland,Friesland,GERRIT,RSO,Lid,ROS Friesland,ZorgpleinNoord
Ameland,Friesland,3847,Friesland,Friesland,GERRIT,RSO,Lid,ROS Friesland,ZorgpleinNoord
Dantumadiel,Friesland,19209,Friesland,Friesland,GERRIT,RSO,Lid,ROS Friesland,ZorgpleinNoord
De Fryske Marren,Friesland,52220,Friesland,Friesland,GERRIT,RSO,Lid,ROS Friesland,ZorgpleinNoord
Harlingen,Friesland,16260,Friesland,Friesland,GERRIT,RSO,Lid,ROS Friesland,ZorgpleinNoord
Heerenveen,Friesland,51966,Friesland,Friesland,GERRIT,RSO,Lid,ROS Friesland,ZorgpleinNoord
Leeuwarden,Friesland,130174,Friesland,Friesland,GERRIT,RSO,Lid,ROS Friesland,ZorgpleinNoord
Noardeast-Fryslân,Friesland,45922,Friesland,Friesland,GERRIT,RSO,Lid,ROS Friesland,ZorgpleinNoord
Ooststellingwerf,Friesland,25909,Friesland,Friesland,GERRIT,RSO,Lid,ROS Friesland,ZorgpleinNoord
Opsterland,Friesland,30067,Friesland,Friesland,GERRIT,RSO,Lid,ROS Friesland,ZorgpleinNoord
Schiermonnikoog,Friesland,977,Friesland,Friesland,GERRIT,RSO,Lid,ROS Friesland,ZorgpleinNoord
Smallingerland,Friesland,57278,Friesland,Friesland,GERRIT,RSO,Lid,ROS Friesland,ZorgpleinNoord
Súdwest-Fryslân,Friesland,90563,Friesland,Friesland,GERRIT,RSO,Lid,ROS Friesland,ZorgpleinNoord
Terschelling,Friesland,4865,Friesland,Friesland,GERRIT,RSO,Lid,ROS Friesland,ZorgpleinNoord
Tytsjerksteradiel,Friesland,32925,Friesland,Friesland,GERRIT,RSO,Lid,ROS Friesland,ZorgpleinNoord
Vlieland,Friesland,1223,Friesland,Friesland,GERRIT,RSO,Lid,ROS Friesland,ZorgpleinNoord
Waadhoeke,Friesland,47133,Friesland,Friesland,GERRIT,RSO,Lid,ROS Friesland,ZorgpleinNoord
Weststellingwerf,Friesland,26661,Friesland,Friesland,GERRIT,RSO,Lid,ROS Friesland,ZorgpleinNoord
Rhenen,Utrecht,20476,Utrecht/Midden-Nederland,Gelderse Vallei / Utrecht,Trijn,RSO,Lid,Mura Zorgadvies,Utrechtzorg 
Veenendaal,Utrecht,70724,Utrecht/Midden-Nederland,Gelderse Vallei / Utrecht,Trijn,RSO,Lid,Mura Zorgadvies,Utrechtzorg 
Eemsdelta,Groningen,44961,Groningen/Regio Noord,Groningen/Regio Noord,GERRIT,RSO,Lid,Zorgadvies Groningen,ZorgpleinNoord
Groningen,Groningen,245250,Groningen/Regio Noord,Groningen/Regio Noord,GERRIT,RSO,Lid,Zorgadvies Groningen,ZorgpleinNoord
Het Hogeland,Groningen,48118,Groningen/Regio Noord,Groningen/Regio Noord,GERRIT,RSO,Lid,Zorgadvies Groningen,ZorgpleinNoord
Midden-Groningen,Groningen,61381,Groningen/Regio Noord,Groningen/Regio Noord,GERRIT,RSO,Lid,Zorgadvies Groningen,ZorgpleinNoord
Oldambt,Groningen,39710,Groningen/Regio Noord,Groningen/Regio Noord,GERRIT,RSO,Lid,Zorgadvies Groningen,ZorgpleinNoord
Pekela,Groningen,12490,Groningen/Regio Noord,Groningen/Regio Noord,GERRIT,RSO,Lid,Zorgadvies Groningen,ZorgpleinNoord
Stadskanaal,Groningen,32174,Groningen/Regio Noord,Groningen/Regio Noord,GERRIT,RSO,Lid,Zorgadvies Groningen,ZorgpleinNoord
Veendam,Groningen,27819,Groningen/Regio Noord,Groningen/Regio Noord,GERRIT,RSO,Lid,Zorgadvies Groningen,ZorgpleinNoord
Westerkwartier,Groningen,65017,Groningen/Regio Noord,Groningen/Regio Noord,GERRIT,RSO,Lid,Zorgadvies Groningen,
Westerwolde,Groningen,25673,Groningen/Regio Noord,Groningen/Regio Noord,GERRIT,RSO,Lid,Zorgadvies Groningen,ZorgpleinNoord
's-Gravenhage,Zuid-Holland,568869,Haaglanden,Haaglanden,RSO Haaglanden,RSO,Lid,Reos,ZWconnect
Leidschendam-Voorburg,Zuid-Holland,78718,Haaglanden,Haaglanden,RSO Haaglanden,RSO,Lid,Reos,ZWconnect
Rijswijk (ZH.),Zuid-Holland,61556,Haaglanden,Haaglanden,RSO Haaglanden,RSO,Lid,Reos,ZWconnect
Wassenaar,Zuid-Holland,28101,Haaglanden,Haaglanden,RSO Haaglanden,RSO,Lid,Reos,ZWconnect
Zoetermeer,Zuid-Holland,130672,Haaglanden,Haaglanden,RSO Haaglanden,RSO,Lid,Eerstelijnszorg Zoetermeer,ZWconnect
Asten,Noord-Brabant,17472,Zuid-Oost Brabant,Helmond de Peel,RZCC,RSO,Lid,Robuust,Transvorm
Deurne,Noord-Brabant,33505,Zuid-Oost Brabant,Helmond de Peel,RZCC,RSO,Lid,Robuust,Transvorm
Gemert-Bakel,Noord-Brabant,31754,Zuid-Oost Brabant,Helmond de Peel,RZCC,RSO,Lid,Robuust,Transvorm
Helmond,Noord-Brabant,96918,Zuid-Oost Brabant,Helmond de Peel,RZCC,RSO,Lid,Robuust,Transvorm
Laarbeek,Noord-Brabant,23521,Zuid-Oost Brabant,Helmond de Peel,RZCC,RSO,Lid,Robuust,Transvorm
Someren,Noord-Brabant,20423,Zuid-Oost Brabant,Helmond de Peel,RZCC,RSO,Lid,Robuust,Transvorm
Bloemendaal,Noord-Holland,23616,Kennemerland,Kennemerland,Sigra,RSO,Lid,ZONH,Sigra
Haarlem,Noord-Holland,169038,Kennemerland,Kennemerland,Sigra,RSO,Lid,ZONH,Sigra
Heemstede,Noord-Holland,27549,Kennemerland,Kennemerland,Sigra,RSO,Lid,ZONH,Sigra
Velsen,Noord-Holland,70372,Kennemerland,Kennemerland,Sigra,RSO,Lid,ZONH,Sigra
Zandvoort,Noord-Holland,17328,Kennemerland,Kennemerland,Sigra,RSO,Lid,ZONH,Sigra
Beverwijk,Noord-Holland,43037,Kennemerland,Kennemerland,Zorgring,RSO,Lid,ZONH,Sigra
Heemskerk,Noord-Holland,39488,Kennemerland,Kennemerland,Zorgring,RSO,Lid,ZONH,Sigra
Dongen,Noord-Brabant,27647,Midden-Brabant,Midden-Brabant,Zorgnetwerk Midden-Brabant,RSO,Lid,Robuust,Transvorm
Gilze en Rijen,Noord-Brabant,28418,Midden-Brabant,Midden-Brabant,Zorgnetwerk Midden-Brabant,RSO,Lid,Robuust,Transvorm
Goirle,Noord-Brabant,24804,Midden-Brabant,Midden-Brabant,Zorgnetwerk Midden-Brabant,RSO,Lid,Robuust,Transvorm
Heusden,Noord-Brabant,46605,Midden-Brabant,Midden-Brabant,Zorgnetwerk Midden-Brabant,RSO,Lid,Robuust,
Hilvarenbeek,Noord-Brabant,16308,Midden-Brabant,Midden-Brabant,Zorgnetwerk Midden-Brabant,RSO,Lid,Robuust,Transvorm
Loon op Zand,Noord-Brabant,24194,Midden-Brabant,Midden-Brabant,Zorgnetwerk Midden-Brabant,RSO,Lid,Robuust,Transvorm
Oisterwijk,Noord-Brabant,33384,Midden-Brabant,Midden-Brabant,Zorgnetwerk Midden-Brabant,RSO,Lid,Robuust,Transvorm
Tilburg,Noord-Brabant,230825,Midden-Brabant,Midden-Brabant,Zorgnetwerk Midden-Brabant,RSO,Lid,Robuust,Transvorm
Waalwijk,Noord-Brabant,51529,Midden-Brabant,Midden-Brabant,Zorgnetwerk Midden-Brabant,RSO,Lid,Robuust,Transvorm
Deventer,Overijssel,105029,Midden-IJssel,Midden-IJssel,Salland United,RSO,Lid,Proscoop,WGV Zorg & Welzijn
Olst-Wijhe,Overijssel,19043,Midden-IJssel,Midden-IJssel,Salland United,RSO,Lid,Proscoop,WGV Zorg & Welzijn
Raalte,Overijssel,38977,Midden-IJssel,Midden-IJssel,Salland United,RSO,Lid,Proscoop,WGV Zorg & Welzijn
Voorst,Gelderland,25572,Midden-IJssel,Midden-IJssel,Salland United,RSO,Lid,Proscoop,WGV Zorg & Welzijn
Beesel,Limburg,13524,Noord- en Midden-Limburg,Noord- en Midden-Limburg,RSO Noord- en Midden-Limburg i.o.,RSO,Lid,Robuust,Zorg aan Zet
Bergen (L.),Limburg,13096,Noord- en Midden-Limburg,Noord- en Midden-Limburg,RSO Noord- en Midden-Limburg i.o.,RSO,Lid,Robuust,Zorg aan Zet
Echt-Susteren,Limburg,32366,Noord- en Midden-Limburg,Noord- en Midden-Limburg,RSO Noord- en Midden-Limburg i.o.,RSO,Lid,Robuust,Zorg aan Zet
Horst aan de Maas,Limburg,44848,Noord- en Midden-Limburg,Noord- en Midden-Limburg,RSO Noord- en Midden-Limburg i.o.,RSO,Lid,Robuust,Zorg aan Zet
Leudal,Limburg,36142,Noord- en Midden-Limburg,Noord- en Midden-Limburg,RSO Noord- en Midden-Limburg i.o.,RSO,Lid,Robuust,Zorg aan Zet
Maasgouw,Limburg,24413,Noord- en Midden-Limburg,Noord- en Midden-Limburg,RSO Noord- en Midden-Limburg i.o.,RSO,Lid,Robuust,Zorg aan Zet
Nederweert,Limburg,17607,Noord- en Midden-Limburg,Noord- en Midden-Limburg,RSO Noord- en Midden-Limburg i.o.,RSO,Lid,Robuust,Zorg aan Zet
Peel en Maas,Limburg,45881,Noord- en Midden-Limburg,Noord- en Midden-Limburg,RSO Noord- en Midden-Limburg i.o.,RSO,Lid,Robuust,Zorg aan Zet
Roerdalen,Limburg,20886,Noord- en Midden-Limburg,Noord- en Midden-Limburg,RSO Noord- en Midden-Limburg i.o.,RSO,Lid,Robuust,Zorg aan Zet
Roermond,Limburg,61339,Noord- en Midden-Limburg,Noord- en Midden-Limburg,RSO Noord- en Midden-Limburg i.o.,RSO,Lid,Robuust,Zorg aan Zet
Venlo,Limburg,104195,Noord- en Midden-Limburg,Noord- en Midden-Limburg,RSO Noord- en Midden-Limburg i.o.,RSO,Lid,Robuust,Zorg aan Zet
Venray,Limburg,45260,Noord- en Midden-Limburg,Noord- en Midden-Limburg,RSO Noord- en Midden-Limburg i.o.,RSO,Lid,Robuust,Zorg aan Zet
Weert,Limburg,51461,Noord- en Midden-Limburg,Noord- en Midden-Limburg,RSO Noord- en Midden-Limburg i.o.,RSO,Lid,Robuust,Zorg aan Zet
Alkmaar,Noord-Holland,113177,Noord-Holland Noord,Noord-Holland Noord,Zorgring,RSO,Lid,ZONH,Sigra
Bergen (NH.),Noord-Holland,29620,Noord-Holland Noord,Noord-Holland Noord,Zorgring,RSO,Lid,ZONH,Sigra
Castricum,Noord-Holland,37029,Kennemerland,Noord-Holland Noord,Zorgring,RSO,Lid,ZONH,Sigra
Den Helder,Noord-Holland,56673,Noord-Holland Noord,Noord-Holland Noord,Zorgring,RSO,Lid,ZONH,Sigra
Dijk en Waard,Noord-Holland,91219,Noord-Holland Noord,Noord-Holland Noord,Zorgring,RSO,Lid,ZONH,Sigra
Drechterland,Noord-Holland,20547,Noord-Holland Noord,Noord-Holland Noord,Zorgring,RSO,Lid,ZONH,Sigra
Enkhuizen,Noord-Holland,18779,Noord-Holland Noord,Noord-Holland Noord,Zorgring,RSO,Lid,ZONH,Sigra
Heiloo,Noord-Holland,24570,Noord-Holland Noord,Noord-Holland Noord,Zorgring,RSO,Lid,ZONH,Sigra
Hollands Kroon,Noord-Holland,50384,Noord-Holland Noord,Noord-Holland Noord,Zorgring,RSO,Lid,ZONH,Sigra
Hoorn,Noord-Holland,76124,Noord-Holland Noord,Noord-Holland Noord,Zorgring,RSO,Lid,ZONH,Sigra
Koggenland,Noord-Holland,24175,Noord-Holland Noord,Noord-Holland Noord,Zorgring,RSO,Lid,ZONH,Sigra
Medemblik,Noord-Holland,46260,Noord-Holland Noord,Noord-Holland Noord,Zorgring,RSO,Lid,ZONH,Sigra
Opmeer,Noord-Holland,12729,Noord-Holland Noord,Noord-Holland Noord,Zorgring,RSO,Lid,ZONH,Sigra
Schagen,Noord-Holland,48751,Noord-Holland Noord,Noord-Holland Noord,Zorgring,RSO,Lid,ZONH,Sigra
Stede Broec,Noord-Holland,22353,Noord-Holland Noord,Noord-Holland Noord,Zorgring,RSO,Lid,ZONH,Sigra
Texel,Noord-Holland,13948,Noord-Holland Noord,Noord-Holland Noord,Zorgring,RSO,Lid,ZONH,Sigra
Uitgeest,Noord-Holland,13454,Kennemerland,Noord-Holland Noord,Zorgring,RSO,Lid,ZONH,Sigra
Capelle aan den IJssel,Zuid-Holland,69358,Rotterdam,Rotterdam,RijnmondNet,RSO,Lid,Samergo,DeRotterdamseZorg 
Krimpen aan den IJssel,Zuid-Holland,29913,Rotterdam,Rotterdam,RijnmondNet,RSO,Lid,Reos,DeRotterdamseZorg 
Rotterdam,Zuid-Holland,674147,Rotterdam,Rotterdam,RijnmondNet,RSO,Lid,Samergo,DeRotterdamseZorg 
Almelo,Overijssel,75025,Twente,Twente,ZorgNetOost,RSO,Lid,Roset,WGV Zorg & Welzijn
Borne,Overijssel,24994,Twente,Twente,ZorgNetOost,RSO,Lid,Roset,WGV Zorg & Welzijn
Dinkelland,Overijssel,26916,Twente,Twente,ZorgNetOost,RSO,Lid,Roset,WGV Zorg & Welzijn
Enschede,Overijssel,162969,Twente,Twente,ZorgNetOost,RSO,Lid,Roset,WGV Zorg & Welzijn
Haaksbergen,Overijssel,24311,Twente,Twente,ZorgNetOost,RSO,Lid,Roset,WGV Zorg & Welzijn
Hellendoorn,Overijssel,36322,Twente,Twente,ZorgNetOost,RSO,Lid,Roset,WGV Zorg & Welzijn
Hengelo (O.),Overijssel,84054,Twente,Twente,ZorgNetOost,RSO,Lid,Roset,WGV Zorg & Welzijn
Hof van Twente,Overijssel,35794,Twente,Twente,ZorgNetOost,RSO,Lid,Roset,WGV Zorg & Welzijn
Losser,Overijssel,23414,Twente,Twente,ZorgNetOost,RSO,Lid,Roset,WGV Zorg & Welzijn
Oldenzaal,Overijssel,32088,Twente,Twente,ZorgNetOost,RSO,Lid,Roset,WGV Zorg & Welzijn
Rijssen-Holten,Overijssel,39170,Twente,Twente,ZorgNetOost,RSO,Lid,Roset,WGV Zorg & Welzijn
Tubbergen,Overijssel,21636,Twente,Twente,ZorgNetOost,RSO,Lid,Roset,WGV Zorg & Welzijn
Twenterand,Overijssel,34178,Twente,Twente,ZorgNetOost,RSO,Lid,Roset,WGV Zorg & Welzijn
Wierden,Overijssel,25504,Twente,Twente,ZorgNetOost,RSO,Lid,Roset,WGV Zorg & Welzijn
Amersfoort,Utrecht,163937,Utrecht/Midden-Nederland,Utrecht/Midden-Nederland,Trijn,RSO,Lid,Raedelijn,Utrechtzorg 
Baarn,Utrecht,25370,Utrecht/Midden-Nederland,Utrecht/Midden-Nederland,Trijn,RSO,Lid,Raedelijn,Utrechtzorg 
Bunnik,Utrecht,16410,Utrecht/Midden-Nederland,Utrecht/Midden-Nederland,Trijn,RSO,Lid,Raedelijn,Utrechtzorg 
Bunschoten,Utrecht,22836,Utrecht/Midden-Nederland,Utrecht/Midden-Nederland,Trijn,RSO,Lid,Raedelijn,Utrechtzorg 
De Bilt,Utrecht,43763,Utrecht/Midden-Nederland,Utrecht/Midden-Nederland,Trijn,RSO,Lid,Raedelijn,Utrechtzorg 
De Ronde Venen,Utrecht,45823,Utrecht/Midden-Nederland,Utrecht/Midden-Nederland,Trijn,RSO,Lid,Raedelijn,Utrechtzorg 
Houten,Utrecht,50945,Utrecht/Midden-Nederland,Utrecht/Midden-Nederland,Trijn,RSO,Lid,Raedelijn,Utrechtzorg 
IJsselstein,Utrecht,33212,Utrecht/Midden-Nederland,Utrecht/Midden-Nederland,Trijn,RSO,Lid,Raedelijn,Utrechtzorg 
Leusden,Utrecht,32179,Utrecht/Midden-Nederland,Utrecht/Midden-Nederland,Trijn,RSO,Lid,Mura Zorgadvies,Utrechtzorg 
Lopik,Utrecht,14780,Utrecht/Midden-Nederland,Utrecht/Midden-Nederland,Trijn,RSO,Lid,Raedelijn,Utrechtzorg 
Montfoort,Utrecht,13780,Utrecht/Midden-Nederland,Utrecht/Midden-Nederland,Trijn,RSO,Lid,Raedelijn,Utrechtzorg 
Nieuwegein,Utrecht,67954,Utrecht/Midden-Nederland,Utrecht/Midden-Nederland,Trijn,RSO,Lid,Raedelijn,Utrechtzorg 
Nijkerk,Gelderland,46191,Utrecht/Midden-Nederland,Utrecht/Midden-Nederland,Trijn,RSO,Lid,Raedelijn,Utrechtzorg 
Oudewater,Utrecht,10474,Utrecht/Midden-Nederland,Utrecht/Midden-Nederland,Trijn,RSO,Lid,Raedelijn,Utrechtzorg 
Soest,Utrecht,47920,Utrecht/Midden-Nederland,Utrecht/Midden-Nederland,Trijn,RSO,Lid,Raedelijn,Utrechtzorg 
Stichtse Vecht,Utrecht,66118,Utrecht/Midden-Nederland,Utrecht/Midden-Nederland,Trijn,RSO,Lid,Raedelijn,Utrechtzorg 
Utrecht,Utrecht,378118,Utrecht/Midden-Nederland,Utrecht/Midden-Nederland,Trijn,RSO,Lid,Raedelijn,Utrechtzorg 
Utrechtse Heuvelrug,Utrecht,51114,Utrecht/Midden-Nederland,Utrecht/Midden-Nederland,Trijn,RSO,Lid,Mura Zorgadvies,Utrechtzorg 
Wijk bij Duurstede,Utrecht,23736,Utrecht/Midden-Nederland,Utrecht/Midden-Nederland,Trijn,RSO,Lid,Raedelijn,Utrechtzorg 
Woerden,Utrecht,54188,Utrecht/Midden-Nederland,Utrecht/Midden-Nederland,Trijn,RSO,Lid,Raedelijn,Utrechtzorg 
Woudenberg,Utrecht,15033,Utrecht/Midden-Nederland,Utrecht/Midden-Nederland,Trijn,RSO,Lid,Mura Zorgadvies,Utrechtzorg 
Zeist,Utrecht,66691,Utrecht/Midden-Nederland,Utrecht/Midden-Nederland,Trijn,RSO,Lid,Raedelijn,Utrechtzorg 
Alphen-Chaam,Noord-Brabant,10485,West-Brabant,West-Brabant Oost,REN West-Brabant,RSO,Lid,Robuust,Transvorm
Altena,Noord-Brabant,58863,West-Brabant,West-Brabant Oost,REN West-Brabant,RSO,Lid,Robuust,Transvorm
Baarle-Nassau,Noord-Brabant,7231,West-Brabant,West-Brabant Oost,REN West-Brabant,RSO,Lid,Robuust,Transvorm
Breda,Noord-Brabant,189960,West-Brabant,West-Brabant Oost,REN West-Brabant,RSO,Lid,Robuust,Transvorm
Drimmelen,Noord-Brabant,28399,West-Brabant,West-Brabant Oost,REN West-Brabant,RSO,Lid,Robuust,Transvorm
Geertruidenberg,Noord-Brabant,21924,West-Brabant,West-Brabant Oost,REN West-Brabant,RSO,Lid,Robuust,Transvorm
Oosterhout,Noord-Brabant,58594,West-Brabant,West-Brabant Oost,REN West-Brabant,RSO,Lid,Robuust,Transvorm
Bergen op Zoom,Noord-Brabant,70624,West-Brabant,West-Brabant West,REN West-Brabant,RSO,Lid,Robuust,Transvorm
Etten-Leur,Noord-Brabant,46076,West-Brabant,West-Brabant West,REN West-Brabant,RSO,Lid,Robuust,Transvorm
Halderberge,Noord-Brabant,31472,West-Brabant,West-Brabant West,REN West-Brabant,RSO,Lid,Robuust,Transvorm
Moerdijk,Noord-Brabant,38410,West-Brabant,West-Brabant West,REN West-Brabant,RSO,Lid,Robuust,Transvorm
Roosendaal,Noord-Brabant,78063,West-Brabant,West-Brabant West,REN West-Brabant,RSO,Lid,Robuust,Transvorm
Rucphen,Noord-Brabant,24006,West-Brabant,West-Brabant West,REN West-Brabant,RSO,Lid,Robuust,Transvorm
Steenbergen,Noord-Brabant,24503,West-Brabant,West-Brabant West,REN West-Brabant,RSO,Lid,Robuust,Transvorm
Woensdrecht,Noord-Brabant,22323,West-Brabant,West-Brabant West,REN West-Brabant,RSO,Lid,Robuust,Transvorm
Zundert,Noord-Brabant,23127,West-Brabant,West-Brabant West,REN West-Brabant,RSO,Lid,Robuust,Transvorm
Lansingerland,Zuid-Holland,66495,Westland Schieland Delfland,Westland Schieland Delfland,RijnmondNet,RSO,Lid,Samergo,DeRotterdamseZorg/Zwconnect
Maassluis,Zuid-Holland,36927,Westland Schieland Delfland,Westland Schieland Delfland,RijnmondNet,RSO,Lid,Zel,DeRotterdamseZorg/Zwconnect
Schiedam,Zuid-Holland,82001,Westland Schieland Delfland,Westland Schieland Delfland,RijnmondNet,RSO,Lid,Zel,DeRotterdamseZorg/Zwconnect
Vlaardingen,Zuid-Holland,77400,Westland Schieland Delfland,Westland Schieland Delfland,RijnmondNet,RSO,Lid,Zel,DeRotterdamseZorg/Zwconnect
Edam-Volendam,Noord-Holland,37143,Zaanstreek/Waterland,Zaanstreek/Waterland,Zorgring,RSO,Lid,ZONH,Sigra
Landsmeer,Noord-Holland,11718,Zaanstreek/Waterland,Zaanstreek/Waterland,Zorgring,RSO,Lid,ZONH,Sigra
Oostzaan,Noord-Holland,9722,Zaanstreek/Waterland,Zaanstreek/Waterland,Zorgring,RSO,Lid,ZONH,Sigra
Purmerend,Noord-Holland,96168,Zaanstreek/Waterland,Zaanstreek/Waterland,Zorgring,RSO,Lid,ZONH,Sigra
Waterland,Noord-Holland,17757,Zaanstreek/Waterland,Zaanstreek/Waterland,Zorgring,RSO,Lid,ZONH,Sigra
Wormerland,Noord-Holland,16375,Zaanstreek/Waterland,Zaanstreek/Waterland,Zorgring,RSO,Lid,ZONH,Sigra
Zaanstad,Noord-Holland,164860,Zaanstreek/Waterland,Zaanstreek/Waterland,Zorgring,RSO,Lid,ZONH,Sigra
Alphen aan den Rijn,Zuid-Holland,116905,Zuid-Holland Noord,Zuid-Holland Noord,Sleutelnet,RSO,Lid,Reos,ZWconnect
Hillegom,Zuid-Holland,23034,Zuid-Holland Noord,Zuid-Holland Noord,Sleutelnet,RSO,Lid,Reos,ZWconnect
Kaag en Braassem,Zuid-Holland,29404,Zuid-Holland Noord,Zuid-Holland Noord,Sleutelnet,RSO,Lid,Reos,ZWconnect
Katwijk,Zuid-Holland,67252,Zuid-Holland Noord,Zuid-Holland Noord,Sleutelnet,RSO,Lid,Reos,ZWconnect
Leiden,Zuid-Holland,130379,Zuid-Holland Noord,Zuid-Holland Noord,Sleutelnet,RSO,Lid,Reos,ZWconnect
Leiderdorp,Zuid-Holland,27926,Zuid-Holland Noord,Zuid-Holland Noord,Sleutelnet,RSO,Lid,Reos,ZWconnect
Lisse,Zuid-Holland,23799,Zuid-Holland Noord,Zuid-Holland Noord,Sleutelnet,RSO,Lid,Reos,ZWconnect
Nieuwkoop,Zuid-Holland,29701,Zuid-Holland Noord,Zuid-Holland Noord,Sleutelnet,RSO,Lid,Reos,ZWconnect
Noordwijk,Zuid-Holland,46371,Zuid-Holland Noord,Zuid-Holland Noord,Sleutelnet,RSO,Lid,Reos,ZWconnect
Oegstgeest,Zuid-Holland,26124,Zuid-Holland Noord,Zuid-Holland Noord,Sleutelnet,RSO,Lid,Reos,ZWconnect
Teylingen,Zuid-Holland,38686,Zuid-Holland Noord,Zuid-Holland Noord,Sleutelnet,RSO,Lid,Reos,ZWconnect
Voorschoten,Zuid-Holland,25948,Zuid-Holland Noord,Zuid-Holland Noord,Sleutelnet,RSO,Lid,Reos,ZWconnect
Zoeterwoude,Zuid-Holland,10349,Zuid-Holland Noord,Zuid-Holland Noord,Sleutelnet,RSO,Lid,Reos,ZWconnect
Beek (L.),Limburg,16206,Zuid-Limburg,Zuid-Limburg,RSO Zuid-Limburg,RSO,Lid,Robuust,Zorg aan Zet
Beekdaelen,Limburg,35960,Zuid-Limburg,Zuid-Limburg,RSO Zuid-Limburg,RSO,Lid,Robuust,Zorg aan Zet
Brunssum,Limburg,27554,Zuid-Limburg,Zuid-Limburg,RSO Zuid-Limburg,RSO,Lid,Robuust,Zorg aan Zet
Eijsden-Margraten,Limburg,26370,Zuid-Limburg,Zuid-Limburg,RSO Zuid-Limburg,RSO,Lid,Robuust,Zorg aan Zet
Gulpen-Wittem,Limburg,13950,Zuid-Limburg,Zuid-Limburg,RSO Zuid-Limburg,RSO,Lid,Robuust,Zorg aan Zet
Heerlen,Limburg,87675,Zuid-Limburg,Zuid-Limburg,RSO Zuid-Limburg,RSO,Lid,Robuust,Zorg aan Zet
Kerkrade,Limburg,45827,Zuid-Limburg,Zuid-Limburg,RSO Zuid-Limburg,RSO,Lid,Robuust,Zorg aan Zet
Landgraaf,Limburg,36885,Zuid-Limburg,Zuid-Limburg,RSO Zuid-Limburg,RSO,Lid,Robuust,Zorg aan Zet
Maastricht,Limburg,126079,Zuid-Limburg,Zuid-Limburg,RSO Zuid-Limburg,RSO,Lid,Robuust,Zorg aan Zet
Meerssen,Limburg,18452,Zuid-Limburg,Zuid-Limburg,RSO Zuid-Limburg,RSO,Lid,Robuust,Zorg aan Zet
Simpelveld,Limburg,10398,Zuid-Limburg,Zuid-Limburg,RSO Zuid-Limburg,RSO,Lid,Robuust,Zorg aan Zet
Sittard-Geleen,Limburg,92348,Zuid-Limburg,Zuid-Limburg,RSO Zuid-Limburg,RSO,Lid,Robuust,Zorg aan Zet
Stein (L.),Limburg,24675,Zuid-Limburg,Zuid-Limburg,RSO Zuid-Limburg,RSO,Lid,Robuust,Zorg aan Zet
Vaals,Limburg,9957,Zuid-Limburg,Zuid-Limburg,RSO Zuid-Limburg,RSO,Lid,Robuust,Zorg aan Zet
Valkenburg aan de Geul,Limburg,16524,Zuid-Limburg,Zuid-Limburg,RSO Zuid-Limburg,RSO,Lid,Robuust,Zorg aan Zet
Voerendaal,Limburg,12471,Zuid-Limburg,Zuid-Limburg,RSO Zuid-Limburg,RSO,Lid,Robuust,Zorg aan Zet
Blaricum,Noord-Holland,12947,'t Gooi,'t Gooi,'t Gooi,"Eigen proces, keuze uitgesteld",Nee,Raedelijn,Flever/Utrechtzorg
Eemnes,Utrecht,10105,'t Gooi,'t Gooi,'t Gooi,"Eigen proces, keuze uitgesteld",Nee,Raedelijn,Flever/Utrechtzorg
Gooise Meren,Noord-Holland,61241,'t Gooi,'t Gooi,'t Gooi,"Eigen proces, keuze uitgesteld",Nee,Raedelijn,Flever/Utrechtzorg
Hilversum,Noord-Holland,94784,'t Gooi,'t Gooi,'t Gooi,"Eigen proces, keuze uitgesteld",Nee,Raedelijn,Flever/Utrechtzorg
Huizen,Noord-Holland,41158,'t Gooi,'t Gooi,'t Gooi,"Eigen proces, keuze uitgesteld",Nee,Raedelijn,
Laren (NH.),Noord-Holland,11575,'t Gooi,'t Gooi,'t Gooi,"Eigen proces, keuze uitgesteld",Nee,Raedelijn,Flever/Utrechtzorg
Wijdemeren,Noord-Holland,24619,'t Gooi,'t Gooi,'t Gooi,"Eigen proces, keuze uitgesteld",Nee,Raedelijn,Flever/Utrechtzorg
Apeldoorn,Gelderland,169143,Apeldoorn-Zutphen,Apeldoorn-Zutphen,Apeldoorn-Zutphen,Geen voortgang,Nee,Proscoop,WGV Zorg & Welzijn
Brummen,Gelderland,21554,Apeldoorn-Zutphen,Apeldoorn-Zutphen,Apeldoorn-Zutphen,Geen voortgang,Nee,Proscoop,WGV Zorg & Welzijn
Epe,Gelderland,33746,Apeldoorn-Zutphen,Apeldoorn-Zutphen,Apeldoorn-Zutphen,Geen voortgang,Nee,Proscoop,WGV Zorg & Welzijn
Heerde,Gelderland,19296,Apeldoorn-Zutphen,Apeldoorn-Zutphen,Apeldoorn-Zutphen,Geen voortgang,Nee,Proscoop,WGV Zorg & Welzijn
Lochem,Gelderland,34245,Apeldoorn-Zutphen,Apeldoorn-Zutphen,Apeldoorn-Zutphen,Geen voortgang,Nee,Proscoop,WGV Zorg & Welzijn
Zutphen,Gelderland,49332,Apeldoorn-Zutphen,Apeldoorn-Zutphen,Apeldoorn-Zutphen,Geen voortgang,Nee,Proscoop,WGV Zorg & Welzijn
Arnhem,Gelderland,171916,Arnhem,Centraal Gelderland,Arnhem,"In beraad, voorkeur samenwerking",Nee,Proscoop,Utrechtzorg/WGV/WZW
Doesburg,Gelderland,11192,Arnhem,Centraal Gelderland,Arnhem,"In beraad, voorkeur samenwerking",Nee,Proscoop,Utrechtzorg/WGV/WZW
Duiven,Gelderland,24881,Arnhem,Centraal Gelderland,Arnhem,"In beraad, voorkeur samenwerking",Nee,Proscoop,Utrechtzorg/WGV/WZW
Lingewaard,Gelderland,47807,Arnhem,Centraal Gelderland,Arnhem,"In beraad, voorkeur samenwerking",Nee,Proscoop,Utrechtzorg/WGV/WZW
Overbetuwe,Gelderland,49241,Arnhem,Centraal Gelderland,Arnhem,"In beraad, voorkeur samenwerking",Nee,Proscoop,Utrechtzorg/WGV/WZW
Renkum,Gelderland,31452,Arnhem,Centraal Gelderland,Arnhem,"In beraad, voorkeur samenwerking",Nee,Proscoop,Utrechtzorg/WGV/WZW
Rheden,Gelderland,43951,Arnhem,Centraal Gelderland,Arnhem,"In beraad, voorkeur samenwerking",Nee,Proscoop,Utrechtzorg/WGV/WZW
Rozendaal,Gelderland,1841,Arnhem,Centraal Gelderland,Arnhem,"In beraad, voorkeur samenwerking",Nee,Proscoop,Utrechtzorg/WGV/WZW
Wageningen,Gelderland,42946,Arnhem,Centraal Gelderland,Arnhem,"In beraad, voorkeur samenwerking",Nee,Proscoop,Utrechtzorg/WGV/WZW
Westervoort,Gelderland,15231,Arnhem,Centraal Gelderland,Arnhem,"In beraad, voorkeur samenwerking",Nee,Proscoop,Utrechtzorg/WGV/WZW
Zevenaar,Gelderland,45528,Arnhem,Centraal Gelderland,Arnhem,"In beraad, voorkeur samenwerking",Nee,Proscoop,Utrechtzorg/WGV/WZW
Barneveld,Gelderland,63668,Arnhem,Gelderse Vallei,Gelderse Vallei,"In beraad, voorkeur samenwerking",Nee,Proscoop,Utrechtzorg/WGV/WZW
Ede,Gelderland,125049,Arnhem,Gelderse Vallei,Gelderse Vallei,"In beraad, voorkeur samenwerking",Nee,Proscoop,Utrechtzorg/WGV/WZW
Scherpenzeel,Gelderland,10641,Arnhem,Gelderse Vallei,Gelderse Vallei,"In beraad, voorkeur samenwerking",Nee,Proscoop,Utrechtzorg/WGV/WZW
Renswoude,Utrecht,5885,Utrecht/Midden-Nederland,Gelderse Vallei / Utrecht,Gelderse Vallei,"In beraad, voorkeur samenwerking",Nee,Mura Zorgadvies,Utrechtzorg 
Bodegraven-Reeuwijk,Zuid-Holland,37228,Midden-Holland,Midden-Holland,Gedeelde Zorg Midden-Holland,,Nee,Reos,ZWconnect
Gouda,Zuid-Holland,77600,Midden-Holland,Midden-Holland,Gedeelde Zorg Midden-Holland,,Nee,Reos,ZWconnect
Krimpenerwaard,Zuid-Holland,57950,Midden-Holland,Midden-Holland,Gedeelde Zorg Midden-Holland,,Nee,Reos,ZWconnect
Waddinxveen,Zuid-Holland,35470,Midden-Holland,Midden-Holland,Gedeelde Zorg Midden-Holland,,Nee,Reos,ZWconnect
Zuidplas,Zuid-Holland,49088,Midden-Holland,Midden-Holland,Gedeelde Zorg Midden-Holland,,Nee,Samergo,ZWconnect
Elburg,Gelderland,23981,Zwolle,Noord-Veluwe en Zeewolde,Gezond Veluwe,"Eigen proces, keuze uitgesteld",Nee,Proscoop,WGV Zorg & Welzijn
Ermelo,Gelderland,28209,Zwolle,Noord-Veluwe en Zeewolde,Gezond Veluwe,"Eigen proces, keuze uitgesteld",Nee,Proscoop,WGV Zorg & Welzijn
Harderwijk,Gelderland,50560,Zwolle,Noord-Veluwe en Zeewolde,Gezond Veluwe,"Eigen proces, keuze uitgesteld",Nee,Proscoop,WGV Zorg & Welzijn
Nunspeet,Gelderland,29681,Zwolle,Noord-Veluwe en Zeewolde,Gezond Veluwe,"Eigen proces, keuze uitgesteld",Nee,Proscoop,WGV Zorg & Welzijn
Oldebroek,Gelderland,24507,Zwolle,Noord-Veluwe en Zeewolde,Gezond Veluwe,"Eigen proces, keuze uitgesteld",Nee,Proscoop,WGV Zorg & Welzijn
Putten,Gelderland,25049,Zwolle,Noord-Veluwe en Zeewolde,Gezond Veluwe,"Eigen proces, keuze uitgesteld",Nee,Proscoop,WGV Zorg & Welzijn
Zeewolde,Flevoland,24579,Flevoland,Noord-Veluwe en Zeewolde,Gezond Veluwe,"Eigen proces, keuze uitgesteld",Nee,Proscoop,Flever
Buren,Gelderland,28045,Nijmegen,Rivierenland,Rivierenland,"In beraad, voorkeur samenwerking",Nee,Mura Zorgadvies,WZW/Zorg aan Zet
Culemborg,Gelderland,30387,Nijmegen,Rivierenland,Rivierenland,"In beraad, voorkeur samenwerking",Nee,Mura Zorgadvies,WZW/Zorg aan Zet
Neder-Betuwe,Gelderland,25895,Nijmegen,Rivierenland,Rivierenland,"In beraad, voorkeur samenwerking",Nee,Mura Zorgadvies,WZW/Zorg aan Zet
Tiel,Gelderland,42581,Nijmegen,Rivierenland,Rivierenland,"In beraad, voorkeur samenwerking",Nee,Mura Zorgadvies,WZW/Zorg aan Zet
West Betuwe,Gelderland,53406,Nijmegen,Rivierenland,Rivierenland,"In beraad, voorkeur samenwerking",Nee,Mura Zorgadvies,WZW/Zorg aan Zet
Delft,Zuid-Holland,110201,Westland Schieland Delfland,Westland Schieland Delfland,Westland Schieland Delfland (RIGA),,Nee,Zel,DeRotterdamseZorg/Zwconnect
Midden-Delfland,Zuid-Holland,19371,Westland Schieland Delfland,Westland Schieland Delfland,Westland Schieland Delfland (RIGA),,Nee,Zel,DeRotterdamseZorg/Zwconnect
Pijnacker-Nootdorp,Zuid-Holland,58706,Westland Schieland Delfland,Westland Schieland Delfland,Westland Schieland Delfland (RIGA),,Nee,Zel,DeRotterdamseZorg/Zwconnect
Westland,Zuid-Holland,118334,Westland Schieland Delfland,Westland Schieland Delfland,Westland Schieland Delfland (RIGA),,Nee,Zel,DeRotterdamseZorg/Zwconnect
Borsele,Zeeland,23148,Zeeland,Zeeland,Zeeuwse Zorg Coalitie,In beraad,Nee,Robuust,ViaZorg
Goes,Zeeland,40388,Zeeland,Zeeland,Zeeuwse Zorg Coalitie,In beraad,Nee,Robuust,ViaZorg
Hulst,Zeeland,27363,Zeeland,Zeeland,Zeeuwse Zorg Coalitie,In beraad,Nee,Robuust,ViaZorg
Kapelle,Zeeland,13150,Zeeland,Zeeland,Zeeuwse Zorg Coalitie,In beraad,Nee,Robuust,ViaZorg
Middelburg (Z.),Zeeland,50400,Zeeland,Zeeland,Zeeuwse Zorg Coalitie,In beraad,Nee,Robuust,ViaZorg
Noord-Beveland,Zeeland,8063,Zeeland,Zeeland,Zeeuwse Zorg Coalitie,In beraad,Nee,Robuust,ViaZorg
Reimerswaal,Zeeland,23416,Zeeland,Zeeland,Zeeuwse Zorg Coalitie,In beraad,Nee,Robuust,ViaZorg
Schouwen-Duiveland,Zeeland,34425,Zeeland,Zeeland,Zeeuwse Zorg Coalitie,In beraad,Nee,Robuust,ViaZorg
Sluis,Zeeland,23188,Zeeland,Zeeland,Zeeuwse Zorg Coalitie,In beraad,Nee,Robuust,ViaZorg
Terneuzen,Zeeland,55902,Zeeland,Zeeland,Zeeuwse Zorg Coalitie,In beraad,Nee,Robuust,ViaZorg
Tholen,Zeeland,27036,Zeeland,Zeeland,Zeeuwse Zorg Coalitie,In beraad,Nee,Robuust,ViaZorg
Veere,Zeeland,21976,Zeeland,Zeeland,Zeeuwse Zorg Coalitie,In beraad,Nee,Robuust,ViaZorg
Vlissingen,Zeeland,45906,Zeeland,Zeeland,Zeeuwse Zorg Coalitie,In beraad,Nee,Robuust,ViaZorg
Noordoostpolder,Flevoland,51824,Flevoland,Flevoland,Flevoland,Samenwerking met Rijnmondnet,Samenwerking,Proscoop,Flever
Urk,Flevoland,22389,Flevoland,Flevoland,Flevoland,Samenwerking met Rijnmondnet,Samenwerking,Proscoop,Flever
Dordrecht,Zuid-Holland,123029,Waardenland,Waardenland,Drechtzorg,Samenwerking met Rijnmondnet,Samenwerking,Samergo,Utrechtzorg/WGV 
Papendrecht,Zuid-Holland,32261,Waardenland,Waardenland,Drechtzorg,Samenwerking met Rijnmondnet,Samenwerking,Samergo,Utrechtzorg/WGV 
Sliedrecht,Zuid-Holland,26567,Waardenland,Waardenland,Drechtzorg,Samenwerking met Rijnmondnet,Samenwerking,Samergo,Utrechtzorg/WGV 
Zwijndrecht,Zuid-Holland,44842,Waardenland,Waardenland,Drechtzorg,Samenwerking met Rijnmondnet,Samenwerking,Samergo,Utrechtzorg/WGV 
Hendrik-Ido-Ambacht,Zuid-Holland,33090,Waardenland,Waardenland,Drechtzorg,Samenwerking met Rijnmondnet,Samenwerking,Samergo,Utrechtzorg/WGV 
Alblasserdam,Zuid-Holland,20251,Waardenland,Waardenland,Waardenland,Samenwerking met Rijnmondnet,Samenwerking,Samergo,Utrechtzorg/WGV 
Gorinchem,Zuid-Holland,39048,Waardenland,Waardenland,Waardenland,Samenwerking met Rijnmondnet,Samenwerking,Samergo,Utrechtzorg/WGV 
Hardinxveld-Giessendam,Zuid-Holland,19439,Waardenland,Waardenland,Waardenland,Samenwerking met Rijnmondnet,Samenwerking,Samergo,Utrechtzorg/WGV 
Molenlanden,Zuid-Holland,45533,Waardenland,Waardenland,Waardenland,Samenwerking met Rijnmondnet,Samenwerking,Samergo,Utrechtzorg/WGV 
Vijfheerenlanden,Utrecht,63263,Waardenland,Waardenland,Waardenland,Samenwerking met Rijnmondnet,Samenwerking,Raedelijn,Utrechtzorg/WGV 
Albrandswaard,Zuid-Holland,26619,Zuid-Hollandse Eilanden,Zuid-Hollandse Eilanden,Zuid-Hollandse Eilanden,Samenwerking met Rijnmondnet,Samenwerking,Samergo,DeRotterdamseZorg 
Barendrecht,Zuid-Holland,48611,Zuid-Hollandse Eilanden,Zuid-Hollandse Eilanden,Zuid-Hollandse Eilanden,Samenwerking met Rijnmondnet,Samenwerking,Samergo,DeRotterdamseZorg 
Goeree-Overflakkee,Zuid-Holland,52688,Zuid-Hollandse Eilanden,Zuid-Hollandse Eilanden,Zuid-Hollandse Eilanden,Samenwerking met Rijnmondnet,Samenwerking,Samergo,DeRotterdamseZorg 
Hoeksche Waard,Zuid-Holland,91331,Zuid-Hollandse Eilanden,Zuid-Hollandse Eilanden,Zuid-Hollandse Eilanden,Samenwerking met Rijnmondnet,Samenwerking,Samergo,DeRotterdamseZorg 
Nissewaard,Zuid-Holland,88932,Zuid-Hollandse Eilanden,Zuid-Hollandse Eilanden,Zuid-Hollandse Eilanden,Samenwerking met Rijnmondnet,Samenwerking,Samergo,DeRotterdamseZorg 
Ridderkerk,Zuid-Holland,48050,Zuid-Hollandse Eilanden,Zuid-Hollandse Eilanden,Zuid-Hollandse Eilanden,Samenwerking met Rijnmondnet,Samenwerking,Samergo,DeRotterdamseZorg 
Voorne aan Zee,Zuid-Holland,74938,Zuid-Hollandse Eilanden,Zuid-Hollandse Eilanden,Zuid-Hollandse Eilanden,Samenwerking met Rijnmondnet,Samenwerking,Samergo,DeRotterdamseZorg 
